postal_code,rooms,area,garden_area,price
6263,2,40,0,244000
3295,0,920,0,2000000
6380,4,100,0,850000
9020,5,122,0,258000
2603,0,700,0,289000
1140,4,87,0,349000
6263,2,43,0,264000
6850,4,86,0,519000
6393,5,326,212,2950000
1010,5,328,0,8500000
9554,3,80,0,97000
6263,3,77,0,500000
1140,4,87,0,389000
9500,3,95,0,687460
7201,0,433,0,490000
8570,5,118,0,397000
9500,1,37,0,0
6263,3,59,0,375000
1180,2,57,0,299000
9581,4,110,0,355380
1190,2,49,0,750000
1190,4,438,601,7490000
1190,5,207,0,3290000
1190,3,85,0,1390000
9500,2,56,0,0
1190,4,189,0,2261000
1070,3,79,0,433000
1220,6,232,0,1826000
2493,6,112,0,163500
1210,2,38,0,113000
1070,3,79,0,433000
1220,6,232,0,1826000
1190,4,189,0,2261000
9313,4,235,0,180000
1100,3,71,0,335000
5500,4,94,0,309000
2285,0,0,0,350000
1190,4,123,0,1980000
1190,5,196,0,2930000
6263,2,47,0,294000
4623,6,220,0,0
2273,2,50,0,189000
5591,55,150,0,595000
6460,7,195,0,490000
1050,5,123,0,498000
1060,3,84,0,590000
9586,4,97,0,179000
6352,4,145,0,1950000
1230,7,270,500,1150000
8055,4,98,0,398385
1140,3,77,0,462060
1140,2,42,0,272584
1140,2,40,0,272584
1140,3,71,0,482460
1140,3,79,0,462060
1190,4,122,0,1198000
1230,17,638,0,2500000
3003,0,1100,0,990000
2821,5,228,0,974000
9081,0,1303,0,250000
1070,4,177,0,2200000
1030,3,160,0,3539100
4880,8,240,0,0
2460,2,45,0,165000
1030,2,45,0,749900
1160,3,80,0,829000
1160,3,96,0,797000
1120,1,35,0,183000
1120,25,63,0,319000
1160,3,108,0,1145000
1120,3,66,0,496000
1120,1,36,0,186000
1030,3,78,0,1198900
8970,3,62,0,453000
4820,2,63,0,260000
1220,1,44,0,199000
1100,1,30,0,139000
1210,0,100,0,440000
1150,2,65,0,334305
1110,1,42,0,184000
1150,2,66,0,332750
1030,4,113,0,1689300
1030,3,102,0,2229600
1030,3,122,0,2193700
1100,3,73,0,526000
1030,2,55,0,824900
4600,0,86,0,279900
2371,2,60,0,289000
4481,3,88,0,270000
4502,3,78,0,323000
1090,2,57,0,327600
6080,2,61,0,538200
6845,55,125,272,725000
1180,3,86,0,749000
1180,3,74,0,529000
1140,3,85,0,380000
1010,5,288,0,7600000
1010,35,214,0,6200000
1010,0,512,0,11700000
1010,5,437,0,11450000
1010,3,213,0,5900000
8230,7,270,0,795000
1010,2,63,0,890000
1030,2,49,0,362000
1090,3,86,0,560560
1030,3,81,0,612590
1030,3,70,0,577940
5020,4,113,0,495000
4810,4,89,0,763400
4810,3,69,0,536800
1030,5,159,0,2111560
1210,2,38,0,113000
1190,0,217,0,2317000
1220,0,395,0,1826000
1030,4,119,0,1167540
1030,4,110,0,868000
1070,4,99,0,980000
1110,3,76,0,333300
1090,3,74,0,550550
1090,3,83,0,585130
5710,2,56,0,340000
1120,2,71,0,265000
4623,4,122,0,335000
6020,3,103,0,1150000
8020,2,69,0,32753261
1190,3,82,0,475000
5751,6,199,0,1150000
6922,3,83,0,490000
4222,0,12,0,19200
9020,0,82,0,349000
2522,0,440,0,374000
1110,3,73,0,255000
2534,3,76,0,289500
3500,3,58,0,300000
4201,75,158,85,699000
5630,0,400,0,655000
1030,3,88,0,599000
5550,0,210,0,215000
5630,4,202,0,1950000
5760,4,258,0,3290000
5550,0,105,0,150000
5630,4,203,0,2250000
1220,2,55,0,535400
8302,3,65,0,132900
4201,75,159,85,699000
4201,75,167,228,819000
4600,2,89,0,165000
5722,8,317,0,1590000
1220,2,49,0,599000
1210,3,59,0,298000
6020,3,68,0,415000
1220,4,128,0,38400001
1220,4,127,0,41000002
1220,4,127,0,41000002
1220,4,107,0,32500001
2631,5,190,0,230000
7111,5,185,0,579000
8501,4,98,0,351000
8501,4,98,0,358000
3243,9,340,0,195000
8262,0,155,0,195000
1150,1,34,0,174000
8785,6,149,643,707000
6800,3,75,0,379000
8813,4,110,0,440000
2225,4,110,0,144444
3130,12,420,0,850000
9773,0,0,0,0
4770,0,0,0,0
6265,0,0,0,0
9773,0,0,0,0
7543,0,0,0,0
7431,0,0,0,0
7521,0,0,0,0
9560,3,82,0,129000
1030,23,58,0,0
9500,3,74,0,0
1220,2,56,0,379000
1220,3,67,0,489000
1220,3,64,0,499000
1220,2,61,0,369000
1220,3,79,0,499000
1220,3,79,0,489000
3812,8,871,0,910000
3812,8,871,0,910000
8041,3,92,0,260000
2640,5,128,0,229000
3500,3,86,0,427000
1220,4,82,0,431480
4950,6,262,0,280000
4866,5,140,0,659750
1130,55,160,0,2190000
1210,2,48,0,2950005
4866,5,149,0,598850
4866,5,124,0,598850
4600,2,64,0,199000
2732,8,299,0,850000
2413,11,450,0,0
2340,4,109,0,450000
1040,4,108,0,449000
8020,2,32,0,150000
1210,2,48,0,185000
1050,3,78,0,672000
8740,5,126,0,350000
2472,4,133,0,319000
2472,4,133,0,299000
2472,4,133,0,299000
2472,4,133,0,319000
1130,2,71,0,545000
1130,3,63,0,550000
1180,35,81,0,440000
5211,3,81,0,290000
1210,3,89,0,569000
1210,3,88,0,549000
1210,4,112,0,694000
1210,2,81,0,516000
2425,4,116,0,295000
2425,4,116,0,295000
2425,4,116,0,295000
2425,4,116,0,295000
6200,2,48,0,245000
1220,4,125,0,652000
1220,4,125,0,652000
1220,4,125,0,652000
1220,4,125,0,652000
1220,4,125,0,652000
1220,4,125,0,652000
1220,4,125,0,652000
1220,3,79,0,429000
3400,3,74,0,412000
1220,4,125,0,652000
1220,3,94,0,721000
2201,4,137,0,720000
1110,4,86,0,452500
1110,3,65,0,350200
1110,2,44,0,242200
1110,3,64,0,372300
1110,2,41,0,232300
1110,3,65,0,385100
1110,4,88,0,535900
1110,4,89,0,533900
1110,3,64,0,372300
1110,2,44,0,240800
1110,2,41,0,232300
1110,2,40,0,232300
1110,3,71,0,401400
1110,4,85,0,499700
1110,4,85,0,498400
1110,2,47,0,252400
1110,2,44,0,240800
1110,4,85,0,499700
1110,4,85,0,498400
1110,2,48,0,251800
1110,2,48,0,251800
8490,3,73,0,256800
8200,3,64,0,255000
8200,2,49,0,195000
8200,3,72,0,285000
8200,2,54,0,203900
8200,2,54,0,203900
8200,2,50,0,199000
8200,3,64,0,265000
8200,3,72,0,295000
8200,2,49,0,193500
8200,2,50,0,199000
8490,3,71,0,254800
8490,2,53,0,198800
8490,3,73,0,256800
8490,3,70,0,297750
6330,4,97,0,0
6330,3,81,0,0
1140,2,46,0,230900
1130,2,60,0,469000
1220,4,143,0,799000
1220,4,132,0,749000
1030,3,78,0,501000
1130,2,46,0,375000
1130,3,65,0,715000
1110,4,98,0,429000
4050,0,100,0,0
6300,4,94,0,590000
8940,4,114,0,495000
8940,4,114,0,495000
2431,4,99,0,355000
9811,3,97,0,375000
1010,3,135,0,1950000
4866,0,70,0,335000
1170,4,114,0,1109000
1170,4,120,0,1199000
1170,4,135,0,1199000
1170,3,117,0,1109000
1170,5,223,0,2490000
1170,4,169,0,1770000
1170,6,233,0,2358000
1170,6,245,0,2358000
2481,4,112,0,425860
1220,2,49,0,2690001
1220,3,66,0,349000
1220,3,77,0,39900001
1220,2,47,0,269001
1220,3,68,0,369000
1220,2,54,0,289000
2081,3,65,0,89000
5061,4,172,0,2450000
1220,2,47,0,3029481
1220,2,49,0,3029481
1220,3,66,0,38178105
1220,3,66,0,3817811
1220,2,47,0,30294815
1220,2,53,0,30294815
1220,3,66,0,3930441
1220,3,95,0,5968861
1220,2,51,0,3209671
1220,2,51,0,3142101
1220,3,67,0,4380921
1220,2,59,0,3209671
1220,2,49,0,3029481
1220,2,55,0,3209671
1220,2,47,0,3029481
1220,3,76,0,4268301
1220,3,68,0,4155681
1220,2,48,0,3142101
1220,2,47,0,31421011
1220,2,50,0,3367341
1220,2,66,0,4380921
1220,3,88,0,5180521
1220,2,84,0,4493541
1220,3,95,0,5056641
1220,2,52,0,3705201
1220,3,60,0,3817821
1220,2,62,0,3085791
1220,2,53,0,2984431
1220,3,76,0,4268301
1220,2,72,0,4110631
1220,2,44,0,3142101
1220,2,47,0,3029481
1220,2,74,0,4493541
1220,2,42,0,3029481
1220,2,76,0,4493541
1220,2,48,0,3029481
1220,2,54,0,3254721
1220,2,49,0,3142101
1220,2,65,0,3367341
1220,3,66,0,377275
1220,2,47,0,31421001
1220,23,46,0,0
1220,3,78,0,722000
1220,23,46,0,0
1220,2,87,0,549000
1120,1,0,0,253500
1120,3,103,0,748400
1120,2,85,0,520400
1120,1,0,0,353300
6130,3,83,0,520000
8020,12,35,0,0
6200,3,60,0,321000
2551,5,170,600,599000
2522,8,760,1702,4000000
6150,4,92,0,571330
6150,6,137,0,835150
1030,3,88,0,696000
1030,2,64,0,460000
1030,4,146,0,1214000
3150,0,377,0,0
1220,235,47,0,0
6444,3,89,0,381000
3100,2,44,0,173000
2100,2,39,0,188900
3100,4,90,0,385000
3100,2,44,0,179030
3100,3,67,0,267000
1170,3,72,0,380000
1170,3,72,0,380000
1170,3,72,0,380000
8054,3,77,0,339900
8020,2,41,0,174800
1040,0,245,0,0
1050,5,159,0,989900
6166,0,635,0,0
6166,3,101,0,585560
6166,3,81,0,453509
6166,5,101,0,571542
5084,3,119,0,642000
5230,4,75,0,286000
5084,4,110,0,739000
5084,4,101,0,694000
5230,34,70,0,0
5230,3,70,0,298000
5230,3,75,0,296000
5230,4,98,0,398000
5230,3,74,0,336000
5230,4,97,0,394000
5230,3,75,0,334000
2433,0,1999,0,750000
1180,4,151,0,1795000
2340,2,74,0,449000
1230,2,52,0,316000
1230,4,89,0,624300
1230,2,42,0,345700
1230,3,78,0,482500
1230,2,56,0,311500
8075,3,69,0,3164988
1140,4,124,0,8455168
1140,4,124,0,7728552
1160,33,85,0,0
1180,12,23,0,0
1180,2,68,0,690000
1050,2,54,0,329000
1080,3,135,0,1745520
1160,2,42,0,22919339
1160,3,46,0,24405804
3004,4,106,51,41395811
3004,4,106,82,41556113
3004,4,106,45,41331102
3004,4,106,101,41693094
1100,1,31,0,158000
1100,1,48,0,243000
8521,0,38532,0,390000
3021,7,280,0,0
2353,3,74,0,427620
2353,3,85,0,482800
2353,3,72,0,399787
2353,3,95,0,539600
2353,3,95,0,545300
2353,3,54,0,321165
2353,4,99,0,513675
6068,35,78,0,450000
6212,0,500,0,4700000
1210,2,52,0,250000
1210,2,60,0,304000
1210,3,81,0,390000
1210,4,99,0,457000
1210,3,79,0,371000
1100,0,5353,0,535400
8350,4,120,0,155000
7021,35,76,0,80000
7053,4,93,0,179000
9771,35,81,0,275000
4320,8,160,0,220000
9500,125,310,0,455000
2000,3,89,0,283000
1130,2,44,0,283000
1100,25,52,0,215000
1100,25,52,0,219000
8051,3,69,0,245728
1130,3,88,0,450000
8074,0,1513,0,498000
1190,18,58,0,0
2700,1,29,0,75000
1130,3,139,0,890000
2361,4,114,0,325000
2201,5,143,0,548000
1140,0,6592,0,0
6335,3,88,0,420000
2231,8,148,0,0
8020,1,47,0,144900
3830,12,280,0,398000
1110,1,60,0,355000
2304,4,3588,0,580000
2115,0,750,0,225000
7100,4,127,200,560000
2100,3,60,0,179000
8323,4,127,0,527507
1210,3,82,0,436400
1210,3,82,0,436400
1210,3,82,0,436400
8054,2,48,0,201635
6900,34,81,0,0
2103,2,58,0,277900
2103,2,59,0,280900
2103,2,58,0,290000
2103,2,60,0,306600
2103,3,78,0,388900
2103,3,78,0,388900
2103,3,78,0,388900
1170,35,90,0,800000
1170,3,69,0,515000
1160,35,82,0,355000
1210,4,101,0,522000
1120,2,61,0,299000
6133,4,80,0,459000
4223,3,70,0,329000
4209,3,70,0,329000
1200,4,96,0,549000
1170,4,94,0,856000
1170,4,108,0,1283000
1170,4,90,0,835000
1170,3,68,0,548000
1170,4,105,0,1253000
2353,3,65,0,384300
2353,2,45,0,279000
2353,3,76,0,433500
3200,4,96,0,269000
4030,3,72,0,215000
1130,0,136,0,750000
3200,3,81,0,236600
6404,2,49,0,300000
2380,0,2813,0,2300000
8020,4,68,0,165000
8401,3,70,0,220370
1220,3,54,0,238560
2202,4,156,104,530000
9587,5,235,0,0
1210,2,68,0,229000
6370,0,0,0,2200000
2202,4,154,97,470000
2340,2,55,0,305000
2542,3,71,0,297000
1060,3,94,0,469900
2100,4,97,0,619569
2100,2,56,0,396409
2100,2,56,0,462288
2100,4,97,0,593107
2100,2,42,0,285551
2100,2,56,0,439960
2100,4,170,0,1574890
2100,4,97,0,619792
2100,4,97,0,621702
2100,4,97,0,592416
2100,1,28,0,15196827
2100,4,149,0,1900000
1220,3,73,0,330390
2100,4,97,0,577284
2100,2,42,0,279236
2100,4,141,0,1900000
2100,4,97,0,577020
2100,4,97,0,577243
2100,4,97,0,592992
2100,2,41,0,280408
2100,4,97,0,619822
2100,4,97,0,594806
1220,4,100,0,495000
1220,2,50,0,235560
2100,1,28,0,145032
2100,1,28,0,14548397
2100,3,59,0,33277082
2100,3,58,0,33277082
2100,1,38,0,20541635
2100,3,58,0,32733567
2100,1,29,0,14775712
2100,1,38,0,20696092
2100,1,38,0,20707749
2100,1,28,0,128685
2100,1,28,0,144536
1180,15,689,1000,0
2100,1,29,0,14775712
2100,3,58,0,32857424
1110,3,75,0,495000
1110,2,52,0,365000
1110,3,77,0,495000
2103,3,73,0,332900
1130,2,62,0,469000
2103,2,60,0,285200
2103,3,78,0,361700
2103,3,78,0,345600
1110,2,74,0,374400
1110,3,70,0,367000
1150,3,82,0,330000
1030,0,764,0,4290000
9587,55,235,0,0
1220,2,43,0,200380
8582,0,200,0,0
4263,0,600,0,1200000
5630,0,940,0,0
3580,0,0,0,380000
3580,4,110,0,350000
6812,0,200,0,0
3203,0,2337,0,0
2103,3,78,0,371600
2103,2,58,0,269700
4372,4,90,0,175000
8112,4,94,0,337000
8010,2,66,0,279500
1110,2,61,0,314800
1130,5,182,0,1595000
3950,35,150,0,249000
1230,3,80,0,339000
2500,3,79,0,355000
1120,3,80,0,380000
2285,4,107,230,339900
7111,5,187,0,769000
4864,0,0,0,0
2285,4,107,230,339900
2102,0,120,70,399900
1200,2,45,0,287200
8480,35,92,0,262257
8230,5,127,700,389000
2020,3,74,0,329000
2020,3,74,0,329000
6323,4,88,0,490000
5550,5,138,0,675000
1150,6,122,0,892000
1150,6,122,0,892000
1190,2,57,0,599000
8402,3,80,0,242575
1090,6,180,0,2957500
8020,0,1110,0,0
8042,0,3450,0,0
5542,0,175,203,1299900
5542,0,180,136,1299900
2073,5,133,183,309000
4210,6,180,0,549000
2230,5,152,0,589000
6754,14,330,250,950000
1220,4,110,0,690000
2020,3,74,0,324000
2020,3,74,0,324000
2020,3,74,0,324000
2020,3,74,0,324000
4300,5,125,184,449000
2232,4,100,0,329000
1010,2,63,0,1115000
1010,2,95,0,1605000
1010,2,49,0,875000
1010,2,49,0,915000
1010,2,63,0,1165000
1010,2,72,0,1315000
1010,3,92,0,1655000
7461,8,205,0,399000
1200,33,70,0,0
1200,3,90,0,748000
1200,3,70,0,584000
2481,4,124,0,448332
2481,4,112,0,425861
2442,4,107,440,400000
8230,4,89,0,261459
1190,3,107,0,1050000
6281,3,81,0,0
3500,3,62,0,315000
8212,3,67,0,208289
1140,3,69,0,529000
1140,3,69,0,529000
3595,0,350,0,299000
1210,4,97,0,74900005
1210,3,60,0,449000
1210,2,48,0,3200001
1210,2,48,0,29500005
1030,2,91,0,564000
2232,4,87,0,249000
8212,4,103,0,310050
2481,6,158,0,497552
2481,6,152,0,497550
2391,2,50,0,25810001
9212,0,6688,0,800000
2170,0,70,0,129000
4052,2,36,0,107000
4720,4,100,0,399950
4720,3,75,0,275500
9560,5,211,0,599000
8225,8,273,0,595000
4020,4,193,0,1888888
1070,3,100,0,890000
2353,4,93,0,517000
1160,0,149,0,440000
1110,0,488,0,775000
1140,4,800,0,770000
6065,0,1125,0,0
2320,5,138,49,568000
2320,5,138,52,568000
2320,5,138,47,568000
6820,2,77,0,401544
4690,25,70,0,139000
4650,0,1859,0,0
2320,5,138,49,568000
8043,2,45,0,219450
1100,3,104,0,395000
9241,5,171,0,599000
5212,154,30,0,0
4974,3,75,0,0
6791,5,121,0,0
6791,5,121,0,0
6791,5,121,0,0
9330,25,73,0,119000
5743,45,110,0,698000
5743,2,55,0,346000
8183,6,174,0,795000
9300,0,300,0,650000
2305,0,237,0,326600
1210,0,38,0,113000
1090,0,0,0,411000
1190,0,217,0,2261000
9546,0,102,0,395000
6370,0,723,0,14500000
8410,16,380,0,1170000
8410,16,380,818,1170000
8402,16,380,818,1170000
8402,16,380,0,1170000
1180,4,110,0,750000
3943,0,129,0,249000
8010,2,56,0,173000
3852,0,0,0,5000
1180,15,39,0,279000
1150,1,32,0,160000
1140,1,30,0,166000
5582,0,119,0,237200
1210,0,58,0,148000
3100,3,69,0,22882078
3100,2,52,0,19269119
3100,3,72,0,27398278
3100,3,75,0,26193958
3100,3,72,0,27699358
3100,3,69,0,24989637
3100,3,69,0,24387478
3100,3,68,0,24688558
3100,3,69,0,23183158
3100,2,52,0,18968039
3100,3,68,0,25591798
3100,3,69,0,24387478
3100,4,87,0,34022038
3100,4,87,0,35828518
3100,3,69,0,2444032
3100,2,52,0,20172359
3100,2,52,0,19570199
3100,3,68,0,25290718
3100,3,69,0,24989637
3100,3,69,0,22629926
3100,3,75,0,25591798
3100,2,52,0,19570199
3100,3,69,0,23183158
3100,4,85,0,30409078
3100,3,69,0,24086398
3100,3,68,0,23785318
3100,4,87,0,34925277
3100,4,87,0,36731758
3100,3,71,0,26796118
3100,3,72,0,29204758
3100,2,52,0,19871279
3100,3,69,0,24387478
3100,2,52,0,19871279
3100,2,52,0,19570199
3100,2,52,0,19570199
3100,3,68,0,24688558
3100,3,69,0,24086398
3100,3,68,0,23484238
3100,2,52,0,19269119
3100,2,52,0,19269119
3100,3,68,0,23484238
3100,3,69,0,23785318
3100,4,85,0,33118797
3100,4,85,0,31312319
3100,4,87,0,35302685
3100,2,52,0,19914335
3100,3,68,0,24688558
3100,3,68,0,24742053
3100,3,68,0,22629926
3100,2,52,0,19612602
3100,3,75,0,2564725
3100,2,52,0,19914334
3100,3,72,0,2956977
3100,2,52,0,1931087
3100,3,68,0,22629926
3100,3,75,0,26552447
3100,4,87,0,34095754
3100,4,87,0,3590615
3100,3,68,0,25345517
3100,3,69,0,25043784
3100,2,52,0,19612602
3100,2,52,0,19612602
3100,2,52,0,1931087
3100,3,68,0,24742053
3100,2,52,0,19009137
3100,3,69,0,23836856
3100,4,85,0,31380164
3240,3,71,0,138400
3362,3,93,0,184594
3362,3,94,0,185580
3240,4,88,0,208390
3240,3,74,0,158100
2860,3,79,0,127000
206,3,72,0,161817
3240,3,71,0,143300
3362,4,93,0,183147
3240,3,71,0,149850
3240,3,71,0,138400
3240,3,71,0,138400
3300,3,75,0,144530
3710,3,72,0,162100
5761,0,2271,0,5000000
3620,10,125,0,1720000
8551,0,1001,0,308500
1100,25,71,0,335000
4974,3,56,0,0
1190,2,98,0,899000
1130,1,36,0,219000
2201,7,155,0,995000
4974,3,55,0,0
6372,3,100,0,890000
8330,8,214,0,419000
2340,2,50,0,269900
1100,3,71,0,651795
1100,2,38,0,29046194
1100,2,40,0,263382
1100,2,40,0,249075
1100,2,40,0,249075
1100,2,40,0,23247059
1100,2,40,0,232470
1100,2,42,0,3383132
1100,3,81,0,742065
1100,2,50,0,26876274
1100,2,51,0,4340265
1100,2,42,0,247630
1100,2,42,0,265321
1100,2,42,0,24763293
1100,2,42,0,265321
1100,3,49,0,260538
1100,2,42,0,26548945
1100,2,42,0,285181
1100,2,42,0,28518111
1100,2,50,0,289775
1100,2,50,0,26876274
1100,2,50,0,289775
1100,3,49,0,27983724
1100,3,49,0,26053812
1100,3,49,0,279837
1100,2,42,0,2918531
1100,3,81,0,781121
1100,2,42,0,265489
1100,3,71,0,686100
1100,2,40,0,292231
1100,2,40,0,2755328
1100,2,38,0,26313966
1100,2,38,0,263139
1100,2,38,0,24559702
1100,2,39,0,271774
2020,4,94,0,409000
1100,1,31,0,187135
1100,1,31,0,20050191
1100,1,31,0,20050191
2620,3,100,450,34500002
1100,1,31,0,187135
1100,2,42,0,309541
1100,2,38,0,245597
1100,2,51,0,456872
1100,2,40,0,27997405
1100,1,31,0,2192749
1100,1,31,0,219274
1100,1,31,0,23256429
1100,1,31,0,23256429
1100,2,38,0,308065
1100,2,39,0,288245
1100,1,31,0,23256429
1100,1,31,0,21927492
2353,5,120,0,549000
9142,45,86,0,199000
4020,5,123,0,729000
9170,0,0,0,1250000
1190,3,76,0,649000
3001,4,89,0,535000
3001,4,92,0,459000
3001,4,105,0,557000
3001,3,82,0,415000
8045,22,68,0,0
1230,2,40,0,270500
2410,10,0,0,5900000
5020,1,30,0,200000
1190,7,400,0,2580000
1020,4,106,0,549000
1200,2,52,0,420800
1080,3,160,0,2300000
5640,3,165,0,1230000
1080,3,74,0,528000
5760,0,80,0,250000
4203,5,155,0,429000
4203,5,155,0,429000
4840,0,0,0,0
1020,0,79,0,520000
1080,3,133,0,1745280
4776,4,136,0,375500
6092,0,564,0,874200
1100,3,73,0,289000
6351,3,118,0,765000
6351,3,87,0,535000
1010,5,281,0,8049000
6800,35,84,0,479000
6364,6,170,0,1300000
1220,3,88,0,629900
1210,4,194,0,1100000
2102,5,223,833,1349000
1220,4,113,0,539000
1220,4,112,0,539000
1220,44,112,0,0
8524,0,2368,0,165760
4202,24,0,0,472
2333,3,87,0,4179999
2333,3,75,0,379997
2333,3,82,0,469101
2333,4,84,0,413530
2333,3,84,0,422633
2500,35,72,0,218000
9620,3,59,0,278000
9620,3,59,0,275000
6130,2,66,0,348000
8490,2,46,0,221500
1210,5,113,0,559000
3421,4,119,0,450000
7062,6,260,0,469000
1100,0,0,0,26000
9546,0,500,0,149000
2305,6,237,0,326600
2511,5,174,0,552000
1090,0,0,0,370000
4931,0,111,0,17918
4931,0,2535,0,3415
2305,6,237,0,326600
2511,5,174,0,552000
1030,0,0,0,0
2325,4,96,0,525000
1100,3,98,0,425000
1130,2,58,0,319000
2371,6,422,0,0
4020,2,40,0,169000
2700,6,132,0,547000
7343,8,260,0,239000
7221,12,530,0,1390000
7210,0,393,0,479000
7021,7,136,0,298000
4840,3,73,0,245000
8330,3,118,0,970000
8251,8,180,0,289000
1210,3,80,0,320000
2054,3,92,0,277000
2054,4,128,0,293000
8010,3,110,0,519000
2333,3,82,0,392757
2333,3,267,0,820000
,3,92,0,349000
6365,0,320,437,6900000
8053,2,44,0,205000
1130,0,1477,0,0
4800,0,112,0,375000
6534,3,73,0,495000
9500,4,97,0,399000
4921,0,112,0,449000
2320,5,138,47,568000
6521,4,128,0,550000
1040,2,57,0,718000
5700,3,80,0,379000
1070,5,126,0,379000
5270,2,73,0,134900
1100,0,110,0,539000
5760,0,0,0,750000
8074,3,67,0,248000
8074,4,82,0,300000
8074,3,56,0,208000
6555,3,75,0,0
6555,3,73,0,0
6555,23,73,0,0
6555,3,87,0,0
6555,2,78,0,0
9074,3,72,0,710000
9074,2,50,0,471000
1210,3,74,0,296000
9220,2,57,0,553000
2344,2,44,0,269000
4600,0,1294,0,375000
7536,4,110,0,205000
7400,8,225,0,349000
2344,3,74,0,409000
2344,3,72,0,629000
9074,4,104,0,996000
9074,4,103,0,1006000
1110,2,53,0,3100001
3100,2,57,0,135000
8605,3,74,0,0
1020,0,369,0,2100000
9074,3,76,0,752000
9074,3,81,0,797000
3143,3,90,0,698000
3430,3,70,0,160000
1220,5,137,0,699000
3295,0,9639,0,670000
6130,3,101,0,399000
1180,3,75,0,649000
1180,4,142,0,1599000
1180,3,73,0,499000
4030,2,56,0,315000
1010,3,96,0,1281000
1010,5,378,0,7949000
7082,0,190,0,349000
7083,0,210,0,349000
5020,1,36,0,235000
9074,3,72,0,706000
1100,2,36,0,133000
6200,0,580,0,0
1220,4,129,0,649000
5412,0,904,0,915000
9074,2,50,0,474000
9074,4,91,0,847000
6083,5,150,0,650000
8983,10,260,800,595000
9074,4,91,0,839000
6365,4,136,124,0
9020,4,113,0,298500
1180,4,169,0,1499000
1180,34,73,0,0
1160,2,46,0,328000
3920,10,350,0,349000
9241,0,124,397,399000
5020,4,98,0,530000
4614,4,110,0,435000
9074,2,58,0,537000
6020,5,108,0,649000
1050,3,184,0,2995000
9074,2,55,0,542000
9074,3,80,0,780000
9074,2,45,0,428000
9074,2,55,0,532000
9500,4,127,0,359000
1210,4,145,0,750000
1220,6,157,0,830000
3204,2,63,0,149000
3874,6,188,0,249000
1110,3,77,0,376800
7400,0,1104,0,0
1140,0,60,0,326650
3032,5,120,368,459000
4490,3,80,0,198000
2491,0,400,400,0
7201,5,110,0,399000
9074,4,138,0,1370000
2751,8,270,0,570000
2372,4,90,0,597800
2372,2,66,0,555400
2372,3,86,0,585700
1110,3,80,0,368100
1110,3,75,0,337300
8020,23,41,0,0
6134,3,72,0,445000
1020,35,102,0,619000
1210,2,40,0,29900005
1210,4,116,0,99900011
5020,2,48,0,360000
9074,3,82,0,762000
9074,4,104,0,951000
9074,2,57,0,531000
1010,2,56,0,690000
1060,2,56,0,690000
1190,4,112,0,1499000
1190,3,58,0,659000
1190,4,100,0,1169000
1120,3,90,0,599000
1120,4,100,0,650000
1120,3,85,0,575000
1190,3,58,0,629000
1190,4,101,0,1590000
5084,5,182,0,450000
8053,3,67,0,179000
1170,25,46,0,0
5131,7,307,0,1150000
1110,4,114,0,515000
1200,3,87,0,499000
6370,0,150,0,3500000
8410,4,160,0,420000
1160,2,52,0,375000
1160,2,46,0,339000
5311,3,81,0,1039000
1210,4,93,0,485001
1210,2,70,0,380000
1210,2,61,0,333000
2372,3,86,0,548500
2372,2,83,0,578400
1130,33,97,0,0
2230,3,74,0,316300
6405,0,90,0,565000
2486,4,141,0,519000
2540,5,101,0,590000
6890,0,703,0,690000
6890,65,149,0,805000
9081,3,85,0,383000
8302,3,54,0,189192
2136,3,83,0,149000
9220,4,135,0,0
6787,1,39,0,203000
6444,0,92,0,398500
5084,9,178,0,450000
1100,3,83,0,485000
5061,4,169,0,2400000
6112,4,90,0,470000
2372,2,66,0,379800
6384,4,162,0,0
1190,4,122,0,854000
1190,6,177,0,1239000
2123,3,76,0,414000
1190,0,473,0,3050000
5452,4,91,0,445000
5452,4,91,0,435000
5452,4,94,0,525000
5452,4,97,0,445000
4614,3,77,0,324000
4614,2,57,0,264000
4540,4,97,0,321001
6800,4,92,0,0
6352,3,83,0,0
6353,0,260,0,4850000
1220,1,56,0,251000
9900,4,99,0,299000
2821,2,58,0,112000
2700,3,81,0,198000
2440,0,0,0,895000
2700,0,355,0,839000
2700,2,70,0,160000
2472,4,110,0,695000
2700,2,70,0,165000
2821,3,77,0,205000
1150,2,46,0,299000
9521,0,50,0,229000
2305,0,237,0,326600
1090,2,66,0,411000
3710,0,4860,0,403692
4931,0,110,0,17918
4931,0,2535,0,3415
9872,2,67,0,465000
3034,3,58,1616,350000
6365,0,66,0,664800
3851,4,140,188,138000
5452,4,94,0,405000
3482,4,122,1000,493000
6215,3,97,0,489000
2500,7,260,0,665000
1220,5,140,0,540000
8401,3,95,0,650000
1190,4,221,0,1740000
9560,0,0,0,400000
9545,4,121,500,450000
6370,0,675,0,9600000
5091,4,130,0,400000
1140,0,40,0,264712
1140,0,40,0,264712
1140,0,40,0,264712
6900,3,59,0,235000
2344,25,74,0,298000
5311,3,88,0,1144000
5311,3,86,0,1200000
5311,3,83,0,1161000
6352,3,67,0,640000
9800,165,1200,0,579000
6393,4,226,0,2690000
8750,0,0,0,460000
3423,4,85,0,389000
9580,0,200,0,480000
1030,4,106,0,1729300
6380,4,105,0,0
6215,0,55,0,229000
8160,0,66,0,0
1200,4,104,0,887000
1200,3,91,0,694100
1200,3,69,0,642800
4490,0,0,0,11708400
8054,5,277,0,0
1090,3,152,0,995000
1180,5,149,0,849000
8502,0,7500,0,0
8020,2,44,0,259000
1220,2,47,0,27900001
1220,2,47,0,27900001
1220,2,47,0,27900001
1220,2,77,0,37900001
1220,2,84,0,39900001
1220,2,52,0,32900001
1220,3,95,0,44900001
1220,3,60,0,33900001
1220,2,53,0,26500001
1220,3,76,0,37900001
5071,4,126,0,0
1060,3,96,0,499000
4030,2,66,0,299000
9081,2,88,0,405000
4824,5,128,0,1260000
6330,2,56,0,349920
1060,1,29,0,232000
3150,0,700,0,1680000
6900,4,91,0,365000
1200,2,52,0,378200
1200,2,50,0,362400
1200,2,45,0,329100
5622,0,98,33,582000
5622,0,96,64,611000
5622,0,96,146,649000
6380,3,77,0,695000
6215,1,28,0,129000
6800,1,35,0,165000
4941,3,71,0,279000
8511,3,80,0,259000
8283,0,81,0,318000
6800,3,78,0,384000
1200,2,35,0,244300
1200,2,46,0,316100
1140,2,51,0,366975
9220,3,96,0,430000
9081,2,58,0,460000
6391,0,1000,0,0
9500,0,0,0,0
1230,2,37,0,239900
1150,0,43,0,199000
4820,14,400,0,0
8053,0,3745,0,0
8053,0,0,0,0
6401,0,74,0,319000
2024,1,56,0,124900
1160,2,45,0,209000
5163,5,189,0,1400000
9500,8,360,0,950000
1020,4,136,0,665000
9081,2,76,0,361000
5571,7,168,0,700000
2564,4,128,0,430000
8510,4,81,0,259990
6020,1,32,0,215000
8510,4,81,0,243990
8010,4,97,0,249000
1160,0,885,0,4325000
3002,8,350,1179,1690000
2122,3,84,0,330000
2120,3,84,0,330000
1100,3,73,0,420000
9020,1,39,0,245000
9020,3,76,0,404000
9020,3,84,0,396000
9020,3,76,0,363000
9782,10,574,0,620000
8010,3,134,0,699000
2620,4,115,0,345000
1220,3,84,0,329900
2353,4,142,0,569000
1100,4,128,0,749900
2325,0,0,0,815000
2345,3,79,0,249000
2325,4,95,0,528000
2345,0,220,0,1185000
3400,0,1637,0,1245000
1040,4,108,0,448000
1220,5,120,80,574000
2232,4,101,0,339000
1100,3,88,0,298000
2285,4,198,0,396000
1170,0,80,0,360000
1210,1,43,0,186000
7400,0,0,0,0
7501,0,1706,0,0
9100,4,90,0,269000
9100,4,90,0,289000
1120,0,1365,0,6090000
6330,3,93,0,389000
6555,3,87,0,950000
5020,0,0,0,0
4600,45,110,0,499000
4600,45,110,0,499000
8301,8,230,0,998000
8280,3,82,0,342500
8280,2,48,0,164500
8280,2,69,0,256100
8280,2,48,0,148720
8280,2,60,0,201000
8280,3,73,0,252000
6241,3,117,0,790000
5204,4,100,0,745000
3400,4,105,0,630000
4202,4,86,0,0
4202,2,47,0,0
4202,4,87,0,0
1130,24,43,0,0
1130,24,43,0,0
8010,3,90,0,561160
1030,0,12,0,19500
2544,3,82,0,329000
6380,4,190,490,0
1220,2,46,0,414884
1220,3,72,0,648856
1220,2,46,0,410776
5500,3,66,0,230000
6850,3,117,0,0
1180,3,106,0,942900
3962,6,268,0,215000
1180,2,56,0,396800
1210,0,100,0,44000055
4040,3,82,0,460000
6134,35,111,0,435000
6971,2,45,0,0
2371,0,1350,0,1082000
2230,4,95,0,419000
2135,4,106,0,350000
3071,4,124,0,500000
3071,4,124,0,500000
9712,5,100,0,289000
9161,5,110,0,346000
9141,5,112,0,293000
8750,5,337,0,0
2372,4,138,0,625000
5061,4,51,0,425000
5061,4,87,0,953810
5061,4,104,0,977835
8200,3,64,0,265000
8200,2,54,0,203900
1220,35,126,0,655000
1220,4,122,155,798000
2333,2,53,0,319662
2333,4,112,0,549885
2333,3,104,0,529617
2333,4,109,0,538281
2333,3,104,0,548687
2333,3,60,0,309702
2333,3,66,0,328702
2333,3,62,0,325570
2333,2,59,0,289249
2333,1,47,0,239676
2333,1,38,0,193592
2333,3,68,0,439301
2333,4,105,0,559025
2333,3,68,0,399764
2333,1,38,0,176169
2333,1,47,0,218105
2333,3,81,0,398533
2333,1,47,0,271887
2333,4,109,0,489836
2333,4,105,0,508713
2333,3,62,0,296269
2333,3,60,0,281829
2333,2,59,0,263217
2333,2,41,0,249644
2333,3,66,0,299119
2333,3,104,0,481951
2333,3,104,0,499305
2333,2,53,0,290892
2333,2,41,0,227173
2333,4,112,0,500395
2333,2,53,0,319665
2333,3,62,0,325575
2333,4,112,0,549888
2333,3,104,0,529620
2333,4,109,0,538285
2333,3,66,0,328705
2333,3,60,0,309705
2333,3,104,0,548690
2333,1,38,0,193595
2333,2,59,0,289252
2333,1,47,0,239680
2333,3,68,0,439304
2333,4,105,0,559029
2333,1,47,0,298780
1230,4,130,0,799900
1230,3,105,0,649900
9714,0,330,2109,598000
9545,0,0,0,393680
9800,9,290,150,365000
1100,3,71,0,270000
6063,3,76,0,398000
2130,4,100,18,331520
2500,0,0,0,0
1090,0,1200,0,0
1200,0,1000,0,0
1140,0,1200,0,0
1100,0,1100,0,0
1210,0,0,0,0
1030,0,1200,0,0
1070,0,1500,0,0
1230,0,0,0,0
1230,0,0,0,0
1030,0,1200,0,0
2201,4,137,0,720000
4331,7,140,0,340820
4331,5,120,0,323340
1100,3,80,0,419000
6900,5,136,0,2180000
6900,3,63,0,850000
6900,45,138,0,1950000
6900,3,80,0,1050000
1130,235,63,0,0
1190,35,75,0,649000
5020,3,84,0,495000
8053,0,251,600,630000
8020,15,35,0,120000
1120,2,46,0,249500
1100,2,65,0,245000
1160,2,56,0,362757
4600,3,85,161,504300
9413,0,145,0,576000
3100,0,1027,0,1050000
2544,4,166,0,0
8572,1,40,0,134000
6136,2,47,0,275000
6136,2,47,0,270000
1140,0,2479,0,0
1170,1,18,0,125000
1170,3,43,0,260000
5201,4,93,0,650000
5201,4,102,151,990000
5201,4,92,137,820000
5201,4,93,0,740000
1220,3,45,0,30294801
8054,3,75,0,374000
2651,5,147,0,590000
1110,23,48,0,0
1220,6,120,0,629990
1220,6,120,0,629990
1220,6,120,0,629990
1220,6,120,0,629990
9210,0,95,0,0
1230,3,65,0,419000
1230,2,48,0,310000
1230,2,49,0,318000
1230,2,57,0,370000
1230,2,64,0,414000
1230,2,64,0,407000
1230,2,66,0,430000
1230,2,45,0,292000
1230,2,49,0,318000
1230,2,52,0,340000
3950,5,180,0,145000
2230,3,70,0,298200
2230,3,68,0,289800
2230,3,66,0,296600
8042,33,73,0,0
6210,3,80,0,385000
5321,3,96,0,535000
2723,6,191,0,699000
2763,10,270,0,699000
1010,4,160,0,3990000
2483,0,246,0,395000
5020,2,88,0,1195000
1030,1,32,0,210000
1110,3,84,0,407600
2432,6,180,0,780000
1140,4,92,0,695000
2534,0,245,0,1600000
4866,5,139,0,659750
8200,2,56,0,159000
4866,5,139,0,649600
4866,5,139,0,654675
4866,5,139,0,649600
3400,27,33,0,0
2103,3,87,0,429000
2103,3,84,0,405000
3500,0,2764,0,1800000
8564,4,100,0,459900
8572,0,1240,0,105400
8200,4,100,0,255900
8572,4,100,0,255900
8564,5,128,0,519900
1210,24,51,0,0
1210,5,127,0,899000
1210,5,127,0,8172721
1210,5,127,0,817272
1210,2,50,0,3390001
1210,3,72,0,408181
1210,3,72,0,4081811
1210,3,72,0,449000
1210,3,72,0,4490006
1210,3,72,0,4081811
1210,2,66,0,3161231
1210,2,50,0,3081811
1210,2,66,0,3490001
1210,5,127,0,8172721
1210,5,127,0,8990006
1210,2,66,0,316123
1210,2,66,0,316123
1210,2,66,0,349000
1210,3,50,0,308181
4600,5,126,0,379000
4840,3,76,0,345000
4840,3,76,0,339000
4840,2,42,0,199000
4840,3,76,0,349000
4840,3,70,0,299000
4840,6,134,0,0
4840,4,84,0,355000
4840,4,94,0,419000
4840,3,70,0,325000
4840,4,84,0,395000
4840,3,70,0,449000
4840,4,95,0,665000
4840,3,79,0,335000
4840,3,71,0,309000
4840,3,69,0,289000
4840,2,40,0,189000
4840,3,76,0,349000
4840,4,86,0,395000
4840,3,71,0,424000
4840,3,83,0,629000
2020,2,49,0,221000
8010,3,90,0,495112
8410,11,1838,0,2800000
8410,11,1838,0,2800000
2540,4,140,0,534700
1050,2,43,0,265000
1050,2,36,0,225000
1050,2,54,0,329000
1050,1,30,0,235000
8230,0,1136,0,225000
9521,2,47,0,218000
9181,0,0,0,435000
1010,3,92,0,1930000
1220,3,65,0,339900
1230,4,112,0,903000
1060,3,146,0,1600000
1180,3,99,0,498000
1180,1,23,0,165000
1090,23,57,0,0
1090,0,565,0,2499000
1220,25,75,0,419000
4866,35,124,0,0
4866,3,124,0,598850
4866,3,136,0,634375
4866,3,124,0,598850
4866,4,135,0,629300
1100,34,54,0,0
1030,3,71,0,489000
1030,3,71,0,489000
1030,4,101,0,1066670
1140,3,69,0,499900
1140,1,30,0,224900
1140,3,65,0,469900
1140,3,73,0,479900
1140,3,69,0,499900
1140,1,39,0,219900
1140,2,45,0,304900
1140,2,44,0,304900
1140,2,44,0,304900
1140,4,84,0,599900
1140,5,107,0,749900
1140,3,67,0,489900
1140,3,66,0,459900
1140,1,30,0,224900
1140,2,44,0,304900
1140,2,44,0,304900
1140,3,70,0,479900
1140,4,104,0,699900
1140,3,64,0,469900
1140,3,73,0,489900
1140,3,73,0,489900
1140,2,52,0,299900
1140,3,66,0,469900
1140,4,102,0,699900
1140,1,30,0,224900
1140,1,36,0,219900
1140,2,50,0,289900
1140,1,36,0,219900
1140,2,50,0,289900
1140,1,36,0,219900
1140,2,51,0,289900
1140,1,36,0,219900
1140,2,49,0,289900
1140,2,49,0,299900
1140,3,75,0,444900
1140,2,50,0,299900
1140,2,53,0,299900
1140,2,50,0,299900
1140,2,50,0,299900
1140,2,50,0,299900
1140,2,50,0,289900
1140,2,50,0,299900
1140,2,53,0,289900
1140,3,75,0,444900
1140,1,36,0,219900
1140,1,36,0,219900
1140,1,39,0,214900
1140,2,50,0,289900
1140,1,36,0,214900
1140,1,36,0,214900
1140,2,51,0,279900
1140,2,50,0,279900
1140,1,36,0,214900
1140,2,49,0,279900
1140,2,49,0,289900
1140,2,50,0,279900
1140,3,75,0,429900
1140,2,50,0,279900
1140,2,50,0,289900
1140,2,50,0,289900
1140,2,50,0,289900
1140,2,52,0,289900
1140,2,50,0,289900
1140,2,50,0,289900
1140,2,50,0,289900
1140,2,50,0,289900
1140,1,36,0,214900
1140,3,75,0,429900
1140,2,50,0,279900
1140,1,36,0,214900
1140,2,50,0,279900
1140,2,50,0,279900
1140,1,36,0,214900
1140,1,36,0,209900
1140,1,39,0,209900
1140,1,36,0,209900
1140,2,51,0,269900
1140,2,50,0,269900
1140,1,36,0,209900
1140,2,49,0,269900
1140,1,36,0,199900
1140,1,36,0,209900
1140,1,38,0,199900
1140,2,50,0,269900
1140,3,75,0,414900
1140,2,49,0,279900
1140,2,50,0,279900
1140,2,50,0,279900
1140,2,50,0,279900
1140,2,50,0,279900
1140,3,75,0,414900
1140,1,36,0,209900
1140,1,36,0,209900
1140,2,50,0,269900
1140,2,50,0,269900
1140,1,36,0,199900
1140,2,50,0,249900
1140,2,49,0,249900
1140,1,35,0,199900
1140,2,48,0,249900
1140,3,74,0,399900
1140,2,49,0,269900
1140,2,50,0,269900
1140,2,50,0,269900
1140,2,50,0,269900
1140,2,50,0,269900
1140,2,49,0,269900
1140,2,49,0,269900
1140,3,74,0,399900
1140,3,74,0,479900
1140,1,35,0,199900
1140,3,76,0,499900
1140,3,74,0,479900
1140,2,49,0,249900
1140,2,49,0,249900
1140,1,36,0,199900
1140,3,74,0,479900
1140,3,70,0,479900
1140,3,76,0,499900
1140,4,98,0,599900
2352,3,100,220,650000
7091,24,913,3000,2200000
2752,0,183000,0,4400000
2751,2,60,0,290000
7111,0,976,0,395000
7093,22,730,0,1200000
1170,0,1500,0,3795000
3240,9,274,400,398000
9360,6,100,0,680000
9020,2,60,0,179000
2870,0,270,160,269000
2821,9,240,409,389000
7212,6,150,100,429000
2013,0,422,0,1375000
1210,0,1350,0,6200000
8380,2,60,0,180300
8380,2,56,0,173120
8380,2,56,0,173300
8380,2,49,0,158980
8380,3,93,0,280320
1110,2,58,0,31480014
8010,5,111,60,399900
8010,5,111,0,399900
1110,3,70,0,36700039
4262,0,460,0,475000
2700,0,160,0,449000
8062,0,1255,0,275000
9587,7,270,0,499900
9300,4,84,0,246800
1220,3,79,0,389000
1180,5,115,0,909900
1160,2,62,0,359000
1160,2,57,0,340000
1160,2,52,0,325000
1160,3,66,0,385000
1090,2,54,0,399000
1090,2,54,0,399000
1220,2,46,0,225000
1220,4,86,0,452000
1220,3,86,0,427800
9073,4,93,0,421100
1210,2,62,0,283020
1210,2,62,0,318000
2481,4,470,0,708000
6555,4,255,0,1995000
1220,5,145,96,689000
1220,5,151,71,698000
1220,5,145,48,669000
6361,3,104,0,560000
8401,4,93,1251,560000
1030,1,30,0,199500
2481,4,106,0,0
8793,0,0,0,0
1210,2,0,0,0
1220,2,52,0,0
9150,0,0,0,0
7423,0,0,0,0
4055,0,190,0,545000
8050,4,125,0,0
3441,4,112,0,0
4722,0,400,0,0
4901,0,800,0,0
3001,3,75,0,295000
2325,0,0,0,0
3292,0,460,0,0
5142,0,0,0,0
9862,0,0,0,0
8401,3,70,0,251716
8401,2,46,0,163000
8401,3,72,0,251752
8401,4,78,0,280835
8401,2,46,0,164469
8401,2,46,0,163257
7201,2,68,0,149000
4802,0,0,0,850000
1230,2,57,0,220000
3012,4,115,137,485000
1220,2,49,0,294800
1050,2,53,0,239000
2853,0,802,0,100000
1170,3,50,0,269000
7083,5,161,0,720000
1120,0,563,0,2200000
5101,3,94,0,750000
1180,3,116,0,1029000
1180,3,85,0,725000
1180,3,85,0,686000
1020,4,137,0,820000
1180,2,59,0,519000
3400,4,114,0,842487
4810,3,94,0,289000
8020,2,33,0,156000
4050,3,82,0,299000
2230,0,0,0,330000
5431,4,89,0,459000
4443,4,132,0,475000
1020,2,60,0,370000
4170,3,82,0,249000
6900,3,74,0,320000
8020,0,405,0,1100000
3541,2,72,0,0
2340,0,0,0,656000
1180,4,115,0,910000
8045,0,0,0,149000
8052,3,0,0,229000
3423,0,0,0,1200000
3602,0,0,0,350000
8940,5,146,0,490000
2120,3,74,0,285000
4020,25,56,0,259000
4020,25,56,0,259000
1200,2,52,0,357900
1200,3,91,0,927200
1200,3,75,0,702400
1200,3,84,0,827000
8232,0,68,0,0
9601,4,108,0,695000
5020,1,28,0,199500
4020,220,51,0,0
4210,44,120,0,0
8280,6,170,0,898000
8020,2,40,0,145050
9063,2,63,0,164500
8570,5,118,189,397000
8570,0,2105,0,0
8020,4,89,0,265000
8301,3,72,0,265350
8301,4,100,0,388200
8301,3,88,0,335750
8052,3,90,0,360000
8570,5,118,74,380000
8054,5,141,200,699000
8523,4,87,0,204900
8523,3,90,0,259000
8262,5,110,0,300000
8570,5,118,212,397000
8055,0,62,0,109000
8570,5,118,76,380000
8570,5,118,79,380000
8052,5,90,0,465000
8141,7,389,295,1500000
8570,5,118,67,380000
8523,0,173,0,409800
8301,3,85,0,326400
8301,4,86,0,333200
8301,4,116,0,424400
8103,3,74,0,230000
8301,3,64,0,233700
8301,2,56,0,208600
8055,1,36,0,99000
8052,3,65,0,245000
8501,5,122,0,520000
8041,14,269,0,899000
8020,0,426,0,1100000
8055,4,115,464,395000
8184,8,220,0,249000
8301,4,88,0,308000
8301,4,111,0,388500
8020,25,67,0,220000
8301,3,86,0,301000
8301,4,84,0,294000
8301,3,73,0,255500
1110,3,84,0,460000
9020,0,59,0,295000
2263,5,168,0,449000
2263,5,168,0,449000
9601,44,123,0,0
9546,3,95,0,379000
8472,5,550,0,429000
2500,35,73,0,335000
2393,0,1172,0,596000
3011,4,96,0,355000
1190,6,210,0,2680000
1010,5,285,0,0
2201,5,145,0,612000
4860,0,68,0,210000
4863,0,68,0,210000
9872,2,72,0,485000
1170,2,54,0,220000
1190,3,84,0,698000
1030,3,78,0,646000
1190,3,58,0,493000
5450,15,330,0,49900002
6820,45,118,0,699000
6020,35,72,0,860000
1230,4,110,0,439000
9872,2,43,0,330000
6511,8,244,0,1750000
9872,3,165,0,1280000
9544,0,520,0,985000
9872,4,152,0,1295000
9872,3,155,0,1285000
1030,3,78,0,574000
5166,44,103,0,0
1070,0,0,0,35000
6651,20,1000,0,0
1140,0,998,0,1300000
2700,3,427,0,279900
1030,2,64,0,459580
9800,3,78,0,285000
4632,5,138,0,0
1190,2,81,0,750000
1230,0,1907,0,1950000
1200,2,95,0,519000
1210,3,75,0,434500
5324,7,500,0,2850000
8160,3,81,0,287820
9500,0,0,0,4400000
1220,5,122,102,749000
1100,0,0,0,650000
4851,11,350,0,550000
4040,3,82,0,460000
7423,0,1332,0,115000
3002,4,103,0,550000
3002,4,103,0,590000
3002,4,103,0,570000
1170,3,87,0,450000
2351,2,38,0,21964125
2351,2,33,0,1927605
2351,2,33,0,19372275
2351,2,32,0,1927515
4931,0,110,0,17918
4931,0,2535,0,3415
9400,0,183,0,530000
3710,0,4860,0,403692
2371,0,364,0,890000
1030,3,72,0,490000
6371,3,208,0,4550000
1230,15,39,0,243300
1230,2,43,0,292000
1230,4,68,0,437000
1230,3,71,0,453700
1230,3,55,0,340800
1110,0,0,0,0
1110,3,81,0,490000
1230,2,63,0,438500
1230,2,48,0,386000
1140,4,132,0,1099000
1030,3,81,0,617760
1030,3,79,0,804870
1030,4,101,0,1039940
1030,3,69,0,793320
1030,3,69,0,771320
1030,3,69,0,771100
1030,3,71,0,742280
1030,2,58,0,599390
1030,2,64,0,459580
1030,1,71,0,427570
1220,2,53,0,649500
1030,3,89,0,841500
1030,4,119,0,1178430
8401,4,80,0,314355
1030,0,0,0,0
8401,3,68,0,274167
8401,3,63,0,28415262
1220,45,111,0,0
1210,3,47,0,50300002
1210,4,67,0,48400002
1210,3,53,0,35900002
1210,3,59,0,38000002
1210,3,51,0,33000002
1210,3,49,0,31900002
1210,4,62,0,37500002
1210,3,49,0,45500002
1210,3,51,0,33100002
1210,3,47,0,32100101
1210,3,48,0,32500002
1210,4,64,0,42000002
1210,3,49,0,31600002
8341,0,0,0,330000
7024,0,400,0,105000
1120,2,59,0,239000
2500,1,35,0,159000
7502,4,118,0,358259
7350,0,215,0,239000
6500,0,0,0,320500
9753,22,760,0,0
5300,4,112,0,619000
6134,4,84,0,0
5753,1,30,0,184000
5753,1,29,0,175250
6500,5,150,50,449000
6134,0,0,0,26000
5753,1,27,0,155000
5753,1,32,0,180600
5753,1,27,0,161000
5753,1,32,0,188000
1150,0,39,0,159000
1210,25,62,0,245000
9220,4,110,0,340000
1070,1,30,0,290000
1030,23,68,0,0
1020,2,67,0,345000
4655,0,108,0,310000
4655,0,108,0,290000
4020,2,63,0,255000
1210,2,51,0,190000
7201,0,155,0,279000
1180,1,26,0,169000
1120,3,69,0,370900
1120,2,42,0,225200
1220,0,426,0,1120000
1120,3,79,0,395000
6323,5,110,0,7499004
6323,55,120,0,7999008
8403,7,301,0,590000
2231,5,440,0,550000
8630,6,121,0,570000
8045,25,60,0,175000
2371,0,360,0,890000
9400,6,185,0,530000
2371,0,360,0,890000
9400,6,185,0,530000
3041,5,0,0,362400
1120,3,67,0,334300
1120,3,66,0,324300
1120,2,53,0,305600
7400,5,180,100,269000
1030,4,100,0,800000
1220,3,74,0,379000
8047,15,40,0,150000
1100,2,41,0,214000
1190,4,165,0,1025000
1220,4,124,0,598000
9754,35,69,0,228000
9771,35,69,0,242000
4050,3,75,0,377000
4050,3,75,0,385000
4050,3,75,0,374000
4050,2,47,0,241000
4050,2,65,0,330000
3720,3,120,0,280000
1210,4,141,0,497000
8051,1,30,0,85000
4048,5,145,186,634000
1020,45,137,0,901000
5020,0,850,0,1390000
5020,5,113,0,510000
5730,2,70,0,996000
2751,9,184,0,514990
1210,4,130,0,97000
8160,3,66,0,244950
1010,9,236,0,2200000
8047,0,171,0,989000
6063,2,50,0,210000
2340,55,127,0,0
2340,5,127,0,669000
1220,4,130,0,98000
2283,0,126,28,365000
8111,3,125,0,483107
9020,6,142,0,682000
9020,6,142,0,682000
8511,0,300,0,750000
1220,4,95,0,523410
6352,3,69,0,717500
1140,2,69,0,540000
9161,0,1318,0,220000
9543,55,146,0,250000
8111,4,145,0,527169
4060,3,74,0,269000
1220,2,66,0,409900
9020,0,447,0,780000
3295,0,1306,0,150000
1030,3,83,0,599000
5111,0,118,0,650000
2630,6,205,0,710000
2630,6,205,0,610000
1140,3,78,0,369000
1140,3,78,0,369000
2405,10,360,0,299000
2700,8,220,0,545000
1030,4,97,0,665000
1030,4,97,0,673000
1030,3,94,0,706000
9900,2,55,0,168500
1030,2,67,0,379000
4600,4,98,0,383580
4600,3,77,0,305400
6352,4,117,0,2075000
5232,0,1879,0,350000
8052,0,12,0,0
7543,0,155,0,151000
1030,2,68,0,559000
1030,3,87,0,724000
1190,0,0,0,0
1140,0,0,0,0
1190,0,0,0,0
1060,0,0,0,0
1140,0,0,0,0
1060,0,0,0,0
1190,0,0,0,0
1180,25,75,0,379000
9500,0,934,0,97900
7132,0,207,0,485000
6460,5,126,0,395000
8020,0,61,0,190000
1140,0,40,0,260148
1140,0,60,0,307051
3011,5,190,0,750000
1220,4,122,0,750000
9811,23,73,0,0
1060,4,90,0,580000
4600,4,125,0,435000
1030,2,69,0,541000
4780,35,98,0,380000
7202,2,36,0,108500
8020,0,30,0,0
1150,2,54,0,249989
1150,2,54,0,249990
5700,1,23,0,199900
5700,1,36,0,279900
1210,24,45,0,0
1130,33,67,0,0
2325,7,180,0,520000
2560,3,75,0,193000
1140,0,91,0,667420
8413,4,76,0,404275
8413,2,45,0,240845
8243,6,200,0,275000
8454,0,1000,0,0
2000,2,70,0,289695
4040,4,116,0,759000
4400,0,100,0,0
6352,4,206,59,2790000
6800,4,90,0,350000
9805,0,20257,0,0
2371,0,364,0,890000
9400,0,183,0,530000
4664,35,115,0,437000
2325,6,133,0,545002
2325,6,133,0,555002
2325,66,132,0,0
2325,6,133,0,555002
2325,6,133,0,545000
2325,6,132,0,555002
2325,6,132,0,560002
2325,6,133,0,565000
1050,12,30,0,0
1130,2,55,0,319000
1030,4,115,0,89900005
1030,4,115,0,899000
8020,2,53,0,210000
1110,23,51,0,0
2620,3,100,450,345000
1230,0,66,0,430000
1100,4,87,0,530000
7551,145,208,0,199000
7534,145,208,0,199000
2401,6,186,0,749000
8280,4,112,0,299000
7000,7,300,0,699000
7100,3,67,0,399900
6352,3,65,0,495000
3372,4,205,0,295000
9552,3,160,0,0
1130,0,0,0,50000
8551,0,105,0,385000
1140,2,54,0,189000
4810,4,66,0,530000
4810,3,70,0,340000
5700,2,59,0,349000
8510,3,53,0,164990
3500,0,255,0,1198000
8330,2,50,0,97000
1110,2,58,0,239000
8953,85,150,0,250000
4854,3,66,0,1346000
1020,6,294,0,4259000
1020,6,294,0,4259000
7083,2,27,0,29500
2821,3,143,0,620800
7100,4,92,0,610000
2542,2,54,0,19832963
8020,1,35,0,127500
8041,1,36,0,144000
8045,6,290,0,849000
8043,2,60,0,268000
8010,2,56,0,560000
8740,8,221,0,250000
8151,5,119,176,419000
8020,3,71,0,270000
8501,4,107,0,325000
8530,8,280,0,899000
9020,4,87,0,220000
7100,26,55,0,0
1190,4,123,0,1740500
1190,7,256,0,2690000
1130,4,130,0,0
1130,4,130,0,0
1130,4,130,0,0
3425,0,1500,0,990000
2326,8,330,0,1490000
2301,3,85,0,549000
9535,2,43,0,189000
2261,7,183,0,325000
6073,5,180,50,1350000
3011,4,99,0,489810
1190,0,130,0,0
1110,1,32,0,174000
1110,1,32,0,174000
1110,13,32,0,0
1110,3,70,0,367000
1110,3,70,0,367000
1110,2,61,0,314800
1110,2,61,0,314800
1110,1,32,0,174000
1110,1,32,0,174000
1110,2,74,0,374400
8313,4,129,0,359000
7472,0,286,0,110000
8010,2,58,0,299000
1140,4,110,0,398000
4150,8,217,1205,0
2136,0,150,72,270000
2136,0,150,72,270000
2136,0,150,72,270000
2136,0,150,72,270000
9560,0,1000,0,132500
3512,5,125,0,475170
5110,4,118,0,549000
1010,5,350,0,0
5110,3,113,0,599000
1220,2,66,0,3890001
1220,3,88,0,4600001
1220,2,55,0,2850001
1220,2,50,0,2990001
1220,3,95,0,5300001
1220,2,53,0,2690001
1190,12,468,0,4250000
5020,7,127,111,1400000
6973,2,49,0,0
6923,0,0,0,0
6973,4,112,0,0
6973,4,87,0,0
6973,3,69,0,0
6973,3,68,0,465000
6973,3,68,0,476000
6973,3,59,0,393000
6973,4,81,0,565000
6973,3,59,0,385000
6973,3,69,0,0
6973,4,81,0,540000
6973,3,69,0,463000
6845,6,126,112,0
9344,35,115,0,300000
7522,0,2550,0,99900
7502,4,118,0,358259
8101,0,414,0,1200000
9400,0,1000,0,0
2020,2,50,0,164690
2020,2,50,0,166142
8283,0,995,0,97510
5311,3,85,0,1149000
5311,4,94,0,1344000
5311,4,94,0,1347000
4020,4,183,0,999000
2500,17,770,0,0
1140,0,1129,0,679000
7531,0,0,0,1464449
7000,8,1000,0,3200000
4072,6,200,0,298000
5500,2,54,0,231400
2551,3,57,0,160000
4271,65,162,0,365000
1220,2,50,0,454707
1220,2,46,0,424144
1220,3,72,0,663570
1220,2,49,0,465718
3100,3,84,0,179000
9061,4,123,105,399000
9231,0,9800,0,320000
1220,2,50,0,450205
4060,8,144,0,595000
8223,0,35,0,139000
1210,2,48,0,185000
1220,5,140,124,1015290
1020,8,285,0,0
2020,55,148,600,549000
1190,1,35,0,320000
1140,4,105,0,845000
1100,4,69,0,499000
1100,4,69,0,499000
2353,4,240,0,1050000
1220,3,85,0,483000
1220,3,98,0,598000
1220,4,120,0,645000
1220,4,120,0,645000
1220,3,85,0,483000
1220,3,59,0,457000
1220,3,59,0,358000
1220,2,49,0,299000
1220,3,59,0,358000
1220,3,98,0,598000
1190,24,56,0,0
8230,0,95,0,285000
8295,0,84,0,265000
8230,0,62,0,189000
6370,0,385,0,0
7350,3,120,50,290500
1140,2,68,0,550000
1140,2,69,0,540000
1020,2,55,0,380160
1160,3,79,0,557375
1160,2,43,0,282352
1220,44,79,0,0
1110,2,57,0,297700
1110,4,107,0,521900
1220,66,120,0,0
1230,3,63,0,406000
1230,2,48,0,310000
1230,2,48,0,310000
7100,0,1011,0,520000
7122,0,831,0,307470
1220,2,41,0,295850
1210,4,103,0,49776003
3400,3,85,0,387000
4655,2,64,0,222000
4655,4,106,0,334800
4655,4,106,0,336000
4655,2,64,0,222000
4655,2,106,0,312000
1190,6,240,520,3000000
1190,0,515,0,3000000
8940,4,94,0,279000
1080,3,76,0,684000
8323,3,54,0,194450
8323,2,46,0,163390
8200,2,50,0,199000
9082,2,0,0,1771000
3500,4,95,96,0
3500,3,78,0,0
3500,3,69,0,0
5452,3,77,0,430000
5452,3,101,0,560000
5452,2,47,0,195000
5452,3,76,0,420000
2483,2,71,0,255000
1170,2,42,0,231000
8041,3,101,0,239000
2500,5,175,0,850000
2500,4,175,0,750000
1160,0,81,174,745000
6020,4,129,0,1145000
8053,3,75,0,239900
8052,4,150,0,550000
6150,3,83,0,385000
6150,4,94,0,432000
8020,1,35,0,127500
8051,8,350,0,1950000
8071,7,296,0,875000
8101,3,77,0,290000
8101,3,84,0,299000
1220,3,109,0,760000
2351,3,70,0,245000
1200,3,78,0,365900
1020,3,79,0,475000
7000,0,564,0,489000
7201,3,85,0,186000
1080,6,243,0,1990000
2333,14,38,0,0
2333,2,41,0,249641
2333,1,47,0,298777
1110,2,51,0,269502
1050,35,100,0,550000
2700,0,262,0,698000
1060,45,102,0,499900
1080,4,205,0,1570000
8020,0,600,0,1170000
3400,2,62,0,0
9064,0,110,0,1290000
9872,2,42,0,330000
9872,2,67,0,465000
9020,0,0,0,7000
9872,3,155,0,1285000
9872,24,42,0,0
9872,3,108,0,875000
2540,4,105,72,449000
2540,4,105,72,449000
1130,2,53,0,295000
1190,2,63,0,499000
1190,3,63,0,499000
1020,3,82,0,569800
1190,3,80,0,499000
4020,3,63,0,426700
4020,3,59,0,400200
4020,3,63,0,426400
4020,2,40,0,255300
4020,3,67,0,457400
4020,3,63,0,406600
4020,2,40,0,255300
4020,3,63,0,426200
1100,3,67,0,319000
4612,2,62,0,215000
4040,5,164,0,650000
1220,4,125,0,691000
6130,2,73,0,478000
5020,2,92,0,890000
5020,3,74,0,549000
5303,4,78,0,455000
5020,0,726,0,3499000
5110,4,96,0,439000
3400,3,68,0,399000
3400,3,67,0,376000
3400,2,51,0,264000
3400,2,51,0,258000
3400,15,36,0,208000
3400,2,38,0,203000
3400,2,40,0,210000
3400,2,40,0,202000
3400,2,45,0,240000
3400,4,93,0,519000
8054,3,54,0,231235
2201,44,137,0,0
2130,55,127,0,0
1190,2,61,0,499000
1110,4,98,0,565100
1110,2,40,0,228800
1110,2,45,0,243500
1140,0,70,0,364075
8272,0,124,0,315000
4812,4,77,0,309000
1190,5,197,0,1450000
1020,2,53,0,529000
8054,3,79,0,324000
2500,5,131,0,785000
2500,7,215,0,1380000
2500,3,76,0,495000
6020,0,11,0,0
2751,4,123,861,449000
4612,5,130,229,445000
4612,5,125,137,439000
6330,34,81,0,0
6330,4,97,0,0
1210,3,85,0,349000
4050,25,86,0,294000
4020,3,74,0,264000
9100,3,76,0,259000
4040,35,85,0,420000
2391,3,80,0,299000
1030,3,90,0,598700
2351,1,36,0,20637625
2351,13,30,0,0
2351,1,30,0,19466625
2351,1,32,0,200625
2351,2,38,0,2750535
2351,3,49,0,292710
1150,2,70,0,449900
1220,3,68,0,459000
1220,3,58,0,279000
1150,3,106,0,749900
1220,2,40,0,209000
1150,2,56,0,549900
1220,1,42,0,279000
1150,2,62,0,419900
1220,2,39,0,209000
1220,3,68,0,339000
1220,2,53,0,259000
1220,2,76,0,399000
1220,3,80,0,499000
2351,2,0,0,363400
2351,2,40,0,254388
2351,1,35,0,206800
2351,1,0,0,187600
2351,3,60,0,3634675
2351,1,32,0,19178025
2351,2,35,0,20737575
2351,1,30,0,19466625
2351,1,32,0,19178025
2351,2,35,0,20594825
2351,2,38,0,21959075
2351,1,37,0,225207
8075,1,22,0,103522
2351,1,37,0,230394
2351,1,31,0,182863
2351,2,49,0,315081
2351,1,35,0,211090
2351,1,30,0,199728
2351,15,38,0,2581245
2351,1,30,0,2202765
2351,1,30,0,186276
2351,1,34,0,194975
2351,1,30,0,179740
2351,1,35,0,211860
2351,1,35,0,206800
2351,1,36,0,213785
2351,1,45,0,290180
2351,1,34,0,194975
2351,3,50,0,296615
2351,1,36,0,208725
2351,1,36,0,213015
2351,2,40,0,262570
2351,1,42,0,294030
2351,1,31,0,181665
2351,1,31,0,175230
2351,1,40,0,221650
2351,2,53,0,33255915
2351,2,41,0,236060
2351,1,31,0,1854845
2351,2,40,0,245630
2351,15,36,0,25832125
2351,2,36,0,211566
2351,2,31,0,1848705
2351,1,36,0,209110
2351,3,52,0,3879733
9535,2,54,0,189000
1170,0,226,0,640000
8053,4,105,0,315000
9130,5,244,0,485000
8580,3,85,400,268000
4501,0,1295,0,206000
8111,16,520,0,1150000
3400,2,33,0,235000
3400,4,137,0,950000
3400,3,85,0,585000
3400,7,145,0,1070000
3400,3,73,0,560000
3400,4,98,0,765000
3400,5,160,0,970000
3400,4,173,0,1280000
3400,2,41,0,255000
3400,4,105,0,660000
3400,2,42,0,275000
